C,a,b,l,e,v,i,s,i,o,n, ,S,y,s,t,e,m,s
A,m,a,z,o,n
T,i,m,e, ,W,a,r,n,e,r, ,C,a,b,l,e
N,i,k,e
T,y,s,o,n
H,o,r,m,e,l
R,e,y,n,o,l,d,s, ,A,m,e,r,i,c,a,n
C,a,m,p,b,e,l,l,s, ,S,o,u,p
M,c,C,o,r,m,i,c,k, ,&, ,c,o
C,a,m,e,r,o,n, ,I,n,t,e,r,n,a,t,i,o,n,a,l
P,h,i,l,l,i,p,s, ,6,6
V,a,l,e,r,o, ,E,n,e,r,g,y
E,x,x,o,n
N,a,s,d,a,q
P,r,o,g,r,e,s,s,i,v,e
A,s,s,u,r,a,n,t, 
I,n,t,e,r,c,o,n,t,i,n,e,n,t,a,l, ,E,x,c,h,a,n,g,e
E,d,w,a,r,d,s, ,L,i,f,e,s,c,i,e,n,c,e,s
S,c,h,e,i,n, ,H,e,n,r,y
C,i,g,n,a, ,C,o,r,p,e,r,a,t,i,o,n
D,e,n,t,s,p,l,y
G,e,n,e,r,a,l, ,E,l,e,c,t,r,i,c
R,a,y,t,h,e,o,n
R,e,p,u,b,l,i,c, ,S,e,r,v,i,c,e,s
N,o,r,t,h,r,o,p, ,G,r,u,m,m,a,n
E,q,u,i,f,a,x
A,i,r,g,a,s
V,u,l,c,a,n
A,v,e,r,y, ,D,e,n,n,i,s,o,n
N,e,w,m,o,n,t, ,M,i,n,i,n,g
R,e,a,l,t,y, ,I,n,c,o,m,e
F,e,d,e,r,a,l, ,R,e,a,l,t,y
N,v,i,d,i,a
F,a,c,e,b,o,o,k, ,i,n,c
A,c,t,i,v,i,s,i,o,n
V,e,r,i,s,i,g,n
N,i,s,o,u,r,c,e
T,e,c,o
A,G,L, ,r,e,s,o,u,r,c,e,s
S,c,a,n,a, ,c,o,r,p
C,o,n,s,o,l,i,d,a,t,e,d, ,E,d,i,s,o,n
